,0
Pav Bhaji Recipe (Classic Mumbai Style),https://www.vegrecipesofindia.com/pav-bhaji-recipe-mumbai-pav-bhaji-a-fastfood-recipe-from-mumbai/
Manchurian Recipe | Veg Manchurian Gravy,https://www.vegrecipesofindia.com/veg-manchurian-veg-manchurian-gravy/
Kadai Mushroom Recipe,https://www.vegrecipesofindia.com/kadai-mushroom-recipe/
Sambar Recipe,https://www.vegrecipesofindia.com/sambhar-recipe-a-method-made-easy/
Bhindi Masala Recipe (Restaurant Style),https://www.vegrecipesofindia.com/bhindi-masala/
Baingan Bharta Recipe (Smoky Indian Mashed Eggplant),https://www.vegrecipesofindia.com/baingan-bharta-recipe-punjabi-baingan-bharta-recipe/
Aloo Matar Recipe | Punjabi Aloo Mutter,https://www.vegrecipesofindia.com/aloo-matar-curry-aloo-matar-gravy/
Idli Sambar Recipe | How to make Tiffin Sambar,https://www.vegrecipesofindia.com/tiffin-sambar-recipe-sambar-recipes/
Veg Kadai Recipe | Kadai Vegetable (Restaurant Style),https://www.vegrecipesofindia.com/vegetable-kadai-gravy-recipe/
Gobi Masala Recipe | Cauliflower Masala Restaurant Style,https://www.vegrecipesofindia.com/gobi-masala-recipe-gobi-recipes/
Stuffed Capsicum | Bharwa Shimla Mirch,https://www.vegrecipesofindia.com/stuffed-capsicum-recipe-bharwan-shimla-mirch/
Hara Bhara Kabab Recipe (Pan-fried & Baked),https://www.vegrecipesofindia.com/hara-bhara-kabab/
Aloo Gobi Recipe (Restaurant Style Curry),https://www.vegrecipesofindia.com/aloo-gobi-recipe-punjabialoo-gobi/
Veg Makhanwala,https://www.vegrecipesofindia.com/veg-makhanwala-recipe/
Kurkuri Bhindi (Indian Fried Okra),https://www.vegrecipesofindia.com/kurkuri-bhindi/
Gobi Manchurian Recipe,https://www.vegrecipesofindia.com/gobi-manchurian-dry-recipe/
Karela Recipe (Bitter gourd Curry),https://www.vegrecipesofindia.com/karela-sabzi-recipe-punjabi-karela-sabzi/
Matar Mushroom (Mutter Mushroom) – Everyday Recipe,https://www.vegrecipesofindia.com/matar-mushroom-recipe/
Navratan Korma (Delicious and Rich Curry),https://www.vegrecipesofindia.com/navratan-korma-recipe-navratan-korma/
Kaddu ki Sabji (Easy Pumpkin Recipe),https://www.vegrecipesofindia.com/kaddu-ki-sabzi/
Aloo Methi Recipe,https://www.vegrecipesofindia.com/aloo-methi-recipe-dry-aloo-methi-recipe/
Aloo Gobi Matar,https://www.vegrecipesofindia.com/aloo-gobi-matar-recipe/
Jeera Aloo Recipe,https://www.vegrecipesofindia.com/jeera-aloo-recipe-jeera-aloo/
Baby Corn Manchurian (Dry & Gravy),https://www.vegrecipesofindia.com/baby-corn-manchurian-recipe/
Bharli Vangi Recipe | Stuffed Brinjal,https://www.vegrecipesofindia.com/bharli-vangi-recipe-bharli-vangi/
Aloo Puri Recipe,https://www.vegrecipesofindia.com/aloo-poori-punjabi-aloo-poori/
Vendakkai Poriyal | Ladies Finger Poriyal,https://www.vegrecipesofindia.com/vendakkai-poriyal-recipe-okra-poriyal/
Aloo Baingan Recipe (Punjabi Style),https://www.vegrecipesofindia.com/aloo-baingan-recipe-aloo-baingan/
Bharli Bhendi,https://www.vegrecipesofindia.com/bharli-bhendi-recipe/
Chilli Baby Corn Recipe (Spicy & Crispy),https://www.vegrecipesofindia.com/chilli-baby-corn/
Mushroom Fry (Goan Style),https://www.vegrecipesofindia.com/mushroom-chilli-fry/
French Beans Recipe (Punjabi Style Aloo Beans),https://www.vegrecipesofindia.com/french-bean-recipe-indian-recipe-with-french-beans-potatoes/
Bhindi Do Pyaza Recipe (Punjabi Style),https://www.vegrecipesofindia.com/bhindi-do-pyaza-okra-with-onions-recipe/
Bharwa Bhindi Recipe (Punjabi Style),https://www.vegrecipesofindia.com/bharwan-bhindi-stuffed-okra-no-onion-no-garlic-recipe/
Begun Bhaja (Baingan Bhaja),https://www.vegrecipesofindia.com/baingan-fry-baingan-bhaja-eggplant-fries/
Patta Gobhi Matar | Cabbage Peas,https://www.vegrecipesofindia.com/bandh-gobi-matar-recipe-patta-gobhi-matar/
Arbi Sabji | Arbi Recipe | Ghuiya Ki Sabji,https://www.vegrecipesofindia.com/sukhi-arbi-recipe-sukhi-arbi/
Pudina Rice Recipe | Spicy Pudina Pulao (Mint Rice),https://www.vegrecipesofindia.com/mint-rice-recipe/
Bharwa Karela | Stuffed Bitter Gourd,https://www.vegrecipesofindia.com/bharwan-karela-stuffed-bitter-gourd/
Palak Rice Recipe (Indian Spinach Rice),https://www.vegrecipesofindia.com/palak-pulao-recipe-spinach-pulao/
Shimla Mirch Ki Sabji (Aloo Capsicum),https://www.vegrecipesofindia.com/aloo-capsicum-indian-recipe-made-with-capsicum-potatoes/
Beetroot Thoran (Kerala Style Sautéed Beetroot),https://www.vegrecipesofindia.com/beetroot-thoran-recipe-beetroot-thoran/
Aloo Bhindi Recipe (Punjabi Style),https://www.vegrecipesofindia.com/aloo-bhindi/
Karela Fry | Bitter Gourd Fry | Kakarakaya Fry,https://www.vegrecipesofindia.com/karela-sabzi-or-karela-stir-fry/
Tawa Mushroom,https://www.vegrecipesofindia.com/tawa-mushroom/
Aloo Gajar Matar Recipe,https://www.vegrecipesofindia.com/aloo-gajar-matar-recipe/
Masala Khichdi | Vegetable Khichdi,https://www.vegrecipesofindia.com/vegetable-masala-khichdi-recipe/
Baby Potato Fry | South Indian Baby Potatoes Recipe,https://www.vegrecipesofindia.com/baby-potato-fry-recipe/
Palak Ki Sabji | Palak Sabzi,https://www.vegrecipesofindia.com/aloo-palak-sabzi-recipe/
Litti Chokha Recipe | Litti Recipe,https://www.vegrecipesofindia.com/litti-chokha-recipe/
Patta Gobhi Recipe | Patta Gobhi Ki Sabji (Cabbage Sabzi),https://www.vegrecipesofindia.com/aloo-patta-gobhi-sabzi-recipe/
Potato Roast Recipe,https://www.vegrecipesofindia.com/potato-roast-recipe-aloo-roast/
Beans Poriyal Recipe (Green Beans with Coconut),https://www.vegrecipesofindia.com/french-beans-poriyal-recipe/
Paneer Khurchan,https://www.vegrecipesofindia.com/paneer-khurchan-recipe/
Mooli ki Sabji | Mooli Bhurji | Easy Radish Recipe,https://www.vegrecipesofindia.com/mooli-ki-bhurji-punjabi-mooli-bhurji/
Avial Recipe | How to make Kerala Aviyal,https://www.vegrecipesofindia.com/avial-recipe-kerala-avial-recipe/
Masale Bhat | Maharashtrian Masala Bhat,https://www.vegrecipesofindia.com/masala-bhaat-recipe-masale-bhat/
Undhiyu Recipe | Surti Undhiyu,https://www.vegrecipesofindia.com/undhiyu-recipe-gujarati-undhiyu-recipe/
Bhindi ki Sabji (Punjabi Style Bhindi Sabzi),https://www.vegrecipesofindia.com/bhindi-ki-sabji/
Instant Pot Pav Bhaji,https://www.vegrecipesofindia.com/instant-pot-pav-bhaji/
Cabbage Thoran Recipe (Cabbage Fry),https://www.vegrecipesofindia.com/cabbage-thoran/
Vazhakkai Poriyal | Raw Banana Poriyal | Raw Banana Sabzi,https://www.vegrecipesofindia.com/raw-banana-poriyal-recipe-vazhakkai-poriyal/
Baby Corn Jalfrezi,https://www.vegrecipesofindia.com/baby-corn-jalfrezi/
Tomato Sabji Recipe (Tomato Bhaji),https://www.vegrecipesofindia.com/tomato-bhaji-recipe/
Gobi Matar | Cauliflower With Peas,https://www.vegrecipesofindia.com/gobi-matar-recipe-gobi-recipes/
Cabbage Poriyal,https://www.vegrecipesofindia.com/cabbage-poriyal-recipe/
Veg Chilli Milli,https://www.vegrecipesofindia.com/veg-chilli-milli-recipe/
Turai ki Sabji | Ridge Gourd Recipe | Dodka Bhaji,https://www.vegrecipesofindia.com/ridge-gourd-sabzi-recipe/
Bharwa Baingan Recipe (Dry Stuffed Eggplant),https://www.vegrecipesofindia.com/aloo-baingan-potatoes-with-green-eggplant-recipe/
Gajar Matar ki Sabji (Carrots & Green Peas),https://www.vegrecipesofindia.com/gajar-matar-recipe/
Kofta Recipe | Veg Kofta Curry,https://www.vegrecipesofindia.com/veg-kofta-curry-recipe/
Tambdi Bhaji | Red Spinach Recipe | Goan Red Amaranth Recipe,https://www.vegrecipesofindia.com/tambdi-bhaji-recipe-red-amaranth-sabzi/
Noodle Soup | Vegetable Noodle Soup,https://www.vegrecipesofindia.com/veg-noodle-soup-recipe/
Besan Bhindi (Besan Wali Bhindi),https://www.vegrecipesofindia.com/rajasthani-besan-bhindi-masala-recipe/
Aloo Masala Recipe | Potato Masala For Dosa,https://www.vegrecipesofindia.com/potato-curry-recipe-for-masala-dosa/
Arbi Fry Recipe (Seppankizhangu Fry),https://www.vegrecipesofindia.com/arbi-fry-recipe/
Parwal ki Sabji | Easy Aloo Parwal Recipe,https://www.vegrecipesofindia.com/aloo-parwal-recipe/
Mogri Ki Sabji | Radish Pods Recipe,https://www.vegrecipesofindia.com/moongre-ki-sabzi-aloo-moongre-ki-sabzi/
Kovakkai Fry | Dondakaya Fry,https://www.vegrecipesofindia.com/tindora-fry-recipe/
Paneer Jalfrezi Recipe,https://www.vegrecipesofindia.com/paneer-jalfrezi-recipe-paneer-recipes/
Aloo Posto Recipe,https://www.vegrecipesofindia.com/aloo-posto-recipe/
Mashed Potatoes Recipe (Creamy & Fluffy),https://www.vegrecipesofindia.com/mashed-potatoes/
Potato Fry Recipe (North Indian Aloo Fry),https://www.vegrecipesofindia.com/aloo-fry-recipe-potato-fry/
Veg Keema Recipe,https://www.vegrecipesofindia.com/veg-kheema-recipe/
Aloo Chokha,https://www.vegrecipesofindia.com/aloo-chokha-recipe/
Ash Gourd Recipe | Kumbalanga Thoran | Ash Gourd Thoran,https://www.vegrecipesofindia.com/ash-gourd-thoran-recipe/
Banana Fry | Aratikaya Fry,https://www.vegrecipesofindia.com/raw-banana-fry-recipe-vazhakkai-fry/
Broccoli Stir Fry Recipe (20 Minutes),https://www.vegrecipesofindia.com/broccoli-basil-italian-broccoli-basil/
Vegetable Curry Recipe (North Indian Style),https://www.vegrecipesofindia.com/vegetable-curry/
Dill Leaves Recipe (With Potatoes),https://www.vegrecipesofindia.com/dill-leaves-indian-recipe-dill-leaves/
Beetroot Sabzi | Dry Beetroot Curry,https://www.vegrecipesofindia.com/beetroot-bhaji-recipe/
Kundru ki Sabji | Tendli Recipe | Tendli Bhaji,https://www.vegrecipesofindia.com/tendli-sabzi-gujarati-recipe/
Capsicum Fry | South Indian Bell Pepper Stir Fry,https://www.vegrecipesofindia.com/capsicum-fry-recipe-potato-capsicum/
Baked Cauliflower Recipe,https://www.vegrecipesofindia.com/baked-cauliflower-vegan-baked-cauliflower/
Colocasia Leaves Recipe | Alu Chi Bhaji,https://www.vegrecipesofindia.com/colocasia-leaves-recipe-alu-chi-patal-bhaji/
Pumpkin Soup Recipe (Easy One-Pot Soup),https://www.vegrecipesofindia.com/pumpkin-soup-recipe/
Yam Chips (Jimikand Recipe),https://www.vegrecipesofindia.com/suran-chips-yam-chips/
Carrot Poriyal,https://www.vegrecipesofindia.com/carrot-poriyal-recipe/
Cabbage Bhaji,https://www.vegrecipesofindia.com/cabbage-bhaji-recipe-gobi-sabzi/
Coleslaw Sandwich Recipe (Vegetarian),https://www.vegrecipesofindia.com/veg-coleslaw-sandwich-recipe/
Beetroot Poriyal,https://www.vegrecipesofindia.com/beetroot-poriyal/
Baby Corn Fry (Baby Corn Pepper Fry),https://www.vegrecipesofindia.com/baby-corn-fry-recipe/
Bendakaya Fry,https://www.vegrecipesofindia.com/bendakaya-vepudu-recipe-bhindi-fry/
16 Beetroot Recipes from Indian Cuisine,https://www.vegrecipesofindia.com/beetroot-recipes/
Potato Podimas,https://www.vegrecipesofindia.com/potato-podimas-recipe/
Vangyachi Bhaji | Vangi Bhaji,https://www.vegrecipesofindia.com/vangi-bhaji-vangyachi-bhaji-recipe/
Brinjal Fry | Fried Eggplant Recipe,https://www.vegrecipesofindia.com/brinjal-fry-recipe/
Gawar Bhaji | Gawar ki Sabzi | Cluster Beans Recipe,https://www.vegrecipesofindia.com/gawar-bhaji-recipe-gawar-sabzi/
Aloo Gajar Ki Sabji,https://www.vegrecipesofindia.com/aloo-gajar-sabzi-recipe/
Kantola Sabji | Kakrol Fry | Spiny Gourd Recipe,https://www.vegrecipesofindia.com/kantola-fry-recipe-kakrol-fry-recipe/
12 Bottle gourd recipes | lauki recipes | dudhi recipes | sorakaya recipes,https://www.vegrecipesofindia.com/lauki-recipes/
Lauki ki Sabji,https://www.vegrecipesofindia.com/lauki-ki-sabji-recipe/
Olan Recipe | Kerala Olan Curry,https://www.vegrecipesofindia.com/olan-recipe/
Dudhi Bhopla Bhaji | Dudhi Bhaji | Dudhi chi Bhaji,https://www.vegrecipesofindia.com/lauki-sabzi-recipe-dudhi-bhaji/
Shepu Bhaji | Suva Bhaji,https://www.vegrecipesofindia.com/suva-moong-dal-sabzi-recipe/
Chilli Gobi (Cauliflower Chilli),https://www.vegrecipesofindia.com/chilli-gobi/
Yam Fry Recipe | Konkan Style Crispy Suran Fry,https://www.vegrecipesofindia.com/suran-fry-recipe/
Vangyache Bharit | Vangi Bharit,https://www.vegrecipesofindia.com/vangi-bharit-recipe-maharashtrian-style/
Snake Gourd Recipe | Padwal Bhaji | Chichinda ki sabji,https://www.vegrecipesofindia.com/chana-dal-padwal-recipe/
Papdi Bhaji Recipe,https://www.vegrecipesofindia.com/papdi-bhaji-recipe-val-papdi-bhaji/
Beans Thoran Recipe,https://www.vegrecipesofindia.com/beans-thoran-recipe/
Aloo Bhaja | Bengali Style Alu Bhaja,https://www.vegrecipesofindia.com/aloo-bhaja-recipe/
Avarakkai Poriyal | Avarakkai Recipe,https://www.vegrecipesofindia.com/avarakkai-poriyal-recipe/
Ladies Finger Fry (Vegan),https://www.vegrecipesofindia.com/bhindi-stir-fry-recipe/
Poricha Kulambu | Poricha Kuzhambu,https://www.vegrecipesofindia.com/poricha-kuzhambu-recipe/
Sautéed Broccoli Recipe (Healthy & Easy),https://www.vegrecipesofindia.com/italian-recipe-of-broccoli-and-potatoes-in-olive-oil/
Cauliflower Curry (North Indian style),https://www.vegrecipesofindia.com/cauliflower-curry-recipe/
Ennegayi Recipe | Badanekayi Ennegayi,https://www.vegrecipesofindia.com/ennegayi-recipe-badanekayi-ennegayi-recipe/
Poosanikai Kootu | Poricha Kootu | White Pumpkin Kootu,https://www.vegrecipesofindia.com/poricha-kootu-recipe/
Kathal ki Sabji,https://www.vegrecipesofindia.com/kathal-ki-sabji-recipe/
Potol Recipe | Bengali Aloo Potol,https://www.vegrecipesofindia.com/aloo-potol-er-dalna-recipe/
Kung Pao Recipe | Kung Pao Vegetables,https://www.vegrecipesofindia.com/kung-pao-vegetables-recipe/
Scallion Pancake | Green Onion Pancake,https://www.vegrecipesofindia.com/scallion-pancakes/
Methi Bhaji | Methi ki Bhaji,https://www.vegrecipesofindia.com/methi-bhaji-recipe/
Sem Ki Sabji | Surti Papdi Recipe | Valor Papdi Shaak,https://www.vegrecipesofindia.com/valor-papdi-nu-shaak-recipe/
Rishi Panchami Bhaji | Rushichi Bhaji,https://www.vegrecipesofindia.com/rishi-panchami-bhaji-recipe/
22 Pumpkin Recipes (Savory & Sweet),https://www.vegrecipesofindia.com/kaddu-recipes-pumpkin-recipes/
Potato Salad With Creamy Mayo Dressing,https://www.vegrecipesofindia.com/potato-salad/
Tinda Recipe | Bharwa Tinda Recipe,https://www.vegrecipesofindia.com/bharwan-tinda-recipe/
Veg Lollipop Recipe,https://www.vegrecipesofindia.com/veg-lollipop-recipe/
Baby Corn Sabji,https://www.vegrecipesofindia.com/baby-corn-sabji/
Kovakkai Poriyal,https://www.vegrecipesofindia.com/kovakkai-poriyal/
Bhindi Fry,https://www.vegrecipesofindia.com/bhindi-fry/
Vazhakkai Fry | Vazhakkai Varuval,https://www.vegrecipesofindia.com/banana-varuval-recipe/
Bhendi Chi Bhaji (Bhindi Bhaji),https://www.vegrecipesofindia.com/bhendi-chi-bhaji/
Fried Breadfruit Recipe,https://www.vegrecipesofindia.com/breadfruit-recipe-kadachakka-recipe/
Gajar Recipes | 30 Tasty Indian Carrot Recipes,https://www.vegrecipesofindia.com/gajar-recipes-carrot-recipes/
Kappa Puzhukku | Maravalli Kilangu Recipe (Mashed Tapioca Root),https://www.vegrecipesofindia.com/kappa-puzhukku-recipe/
Barbati ki Sabji | Long Beans Recipe,https://www.vegrecipesofindia.com/chawli-bhaji-recipe-phali-ki-sabzi/
Cauliflower Poriyal (South Indian Cauliflower Stir Fry),https://www.vegrecipesofindia.com/cauliflower-poriyal/
Chinese Pakoda | Cabbage Manchurian,https://www.vegrecipesofindia.com/chinese-pakoda-recipe/
9 Tasty Baby Corn Recipes,https://www.vegrecipesofindia.com/baby-corn-recipes/
Bhogichi Bhaji Recipe,https://www.vegrecipesofindia.com/bhogichi-bhaji-recipe/
